county,race_female_total_2014,race_female_white_2014,race_female_black_2014,race_female_hispanic_2014,race_female_other_2014
ANDERSON ,22937,16224,3485,2924,304
ANDREWS ,7418,3663,112,3540,103
ANGELINA ,44256,28381,6984,8246,645
ARANSAS ,11673,8408,128,2812,325
ARCHER ,4491,4120,18,303,50
ARMSTRONG ,973,892,5,63,13
ATASCOSA ,22781,8502,130,13975,174
AUSTIN ,14344,9590,1386,3212,156
BAILEY ,3544,1442,25,2056,21
BANDERA ,10313,8478,45,1676,114
BASTROP ,36174,21533,2774,11357,510
BAYLOR ,1931,1636,36,247,12
BEE ,12798,4359,216,8089,134
BELL ,156771,80817,34483,33436,8035
BEXAR ,873933,267130,63715,515764,27324
BLANCO ,5197,4221,23,880,73
BORDEN ,306,261,0,42,3
BOSQUE ,9159,7561,158,1371,69
BOWIE ,45807,31469,11367,2170,801
BRAZORIA ,154166,84133,18353,41797,9883
BRAZOS ,96221,58010,11292,21876,5043
BREWSTER ,4596,2533,19,1979,65
BRISCOE ,822,599,23,200,0
BROOKS ,3644,301,8,3317,18
BROWN ,19268,14691,674,3689,214
BURLESON ,8683,6002,1105,1505,71
BURNET ,21761,16948,405,4171,237
CALDWELL ,18886,8496,1262,8886,242
CALHOUN ,10534,4913,273,4896,452
CALLAHAN ,6937,6271,93,497,76
CAMERON ,210826,21738,558,186887,1643
CAMP ,6315,3813,1208,1231,63
CARSON ,3140,2808,19,272,41
CASS ,15687,12111,2899,503,174
CASTRO ,3978,1518,75,2353,32
CHAMBERS ,17435,12534,1465,3181,255
CHEROKEE ,24995,16479,3615,4673,228
CHILDRESS ,2920,2125,138,623,34
CLAY ,5469,5120,21,251,77
COCHRAN ,1592,686,60,834,12
COKE ,1694,1391,2,290,11
COLEMAN ,4479,3617,96,722,44
COLLIN ,397978,255920,36745,56812,48501
COLLINGSWORTH ,1559,997,70,464,28
COLORADO ,10527,6403,1427,2621,76
COMAL ,55218,39810,877,13742,789
COMANCHE ,7089,5275,14,1740,60
CONCHO ,1294,888,4,390,12
COOKE ,19381,15635,578,2811,357
CORYELL ,38496,24315,6619,5915,1647
COTTLE ,792,551,74,165,2
CRANE ,2230,933,60,1207,30
CROCKETT ,1888,666,4,1208,10
CROSBY ,3142,1392,111,1624,15
CULBERSON ,1231,251,3,961,16
DALLAM ,3221,1858,40,1276,47
DALLAS ,1197137,407769,286022,435884,67462
DAWSON ,6018,2453,256,3269,40
DEAF SMITH ,9720,3120,92,6429,79
DELTA ,2668,2269,217,120,62
DENTON ,336654,220546,30674,59790,25644
DEWITT ,9650,5786,794,2964,106
DICKENS ,1061,772,14,260,15
DIMMIT ,5157,603,37,4478,39
DONLEY ,1852,1589,94,152,17
DUVAL ,5705,529,5,5145,26
EASTLAND ,9512,7984,152,1293,83
ECTOR ,69444,29084,3027,36374,959
EDWARDS ,981,476,3,494,8
ELLIS ,75740,50667,7084,17004,985
EL PASO ,412771,50555,9648,346228,6340
ERATH ,19285,15377,196,3496,216
FALLS ,9372,4970,2568,1760,74
FANNIN ,15927,13682,800,1216,229
FAYETTE ,12473,9269,902,2218,84
FISHER ,2016,1441,71,492,12
FLOYD ,3270,1445,116,1694,15
FOARD ,699,572,30,93,4
FORT BEND ,298007,108519,66866,69684,52938
FRANKLIN ,5390,4470,238,612,70
FREESTONE ,9379,6771,1434,1103,71
FRIO ,7185,1319,35,5771,60
GAINES ,8728,5432,136,3119,41
GALVESTON ,147075,87947,21407,32265,5456
GARZA ,2369,1310,132,902,25
GILLESPIE ,12869,10358,29,2369,113
GLASSCOCK ,577,389,8,177,3
GOLIAD ,3614,2200,165,1229,20
GONZALES ,9848,4587,675,4505,81
GRAY ,10832,7977,329,2394,132
GRAYSON ,61960,49801,4011,6633,1515
GREGG ,62262,38731,13216,9283,1032
GRIMES ,12117,7711,1856,2466,84
GUADALUPE ,66771,37112,4357,23685,1617
HALE ,17536,6823,717,9833,163
HALL ,1696,1049,106,529,12
HAMILTON ,4322,3866,13,406,37
HANSFORD ,2810,1617,15,1160,18
HARDEMAN ,2088,1542,105,429,12
HARDIN ,27693,24547,1752,1130,264
HARRIS ,2055054,692024,410933,812700,139397
HARRISON ,33407,21832,7855,3363,357
HARTLEY ,2362,1883,6,442,31
HASKELL ,2795,2030,79,664,22
HAYS ,78852,47043,2555,27805,1449
HEMPHILL ,1879,1357,2,499,21
HENDERSON ,40064,32950,2576,4100,438
HIDALGO ,397825,30355,1022,362088,4360
HILL ,17881,13392,1247,3062,180
HOCKLEY ,11638,6076,428,5042,92
HOOD ,26001,23074,125,2435,367
HOPKINS ,17740,13686,1366,2462,226
HOUSTON ,10963,7287,2716,813,147
HOWARD ,15292,8826,627,5594,245
HUDSPETH ,1726,301,12,1398,15
HUNT ,43429,33173,3828,5517,911
HUTCHINSON ,11073,8431,278,2141,223
IRION ,792,574,5,200,13
JACK ,4014,3433,42,502,37
JACKSON ,7128,4564,511,2002,51
JASPER ,18167,13877,3198,874,218
JEFF DAVIS ,1155,749,7,392,7
JEFFERSON ,123327,56636,43534,18511,4646
JIM HOGG ,2684,168,3,2500,13
JIM WELLS ,20731,4117,63,16405,146
JOHNSON ,75415,59246,1982,12918,1269
JONES ,7819,5802,321,1610,86
KARNES ,5982,2747,101,3075,59
KAUFMAN ,52539,37239,5838,8573,889
KENDALL ,17111,13475,69,3349,218
KENEDY ,204,46,2,152,4
KENT ,416,353,4,56,3
KERR ,25557,18940,352,5896,369
KIMBLE ,2326,1773,4,527,22
KING ,145,130,0,15,0
KINNEY ,1643,757,18,851,17
KLEBERG ,15724,3581,474,11312,357
KNOX ,1884,1208,124,542,10
LAMAR ,25749,19884,3767,1562,536
LAMB ,7013,3134,288,3542,49
LAMPASAS ,9972,7700,325,1684,263
LA SALLE ,2797,438,1,2345,13
LAVACA ,9847,7608,657,1510,72
LEE ,8202,5485,897,1758,62
LEON ,8416,6634,638,1055,89
LIBERTY ,38453,27024,4470,6536,423
LIMESTONE ,11262,7158,2097,1921,86
LIPSCOMB ,1640,1136,5,479,20
LIVE OAK ,5336,3343,28,1917,48
LLANO ,9972,9010,51,806,105
LOVING ,36,26,0,9,1
LUBBOCK ,141045,82426,10577,44388,3654
LYNN ,2968,1560,51,1336,21
MCCULLOCH ,4226,2914,69,1213,30
MCLENNAN ,120737,72118,18900,27324,2395
MCMULLEN ,340,215,3,119,3
MADISON ,5791,3815,962,936,78
MARION ,5375,3837,1302,164,72
MARTIN ,2388,1292,47,1035,14
MASON ,2034,1604,7,412,11
MATAGORDA ,18339,8846,2190,6855,448
MAVERICK ,27807,731,37,26713,326
MEDINA ,22350,10801,175,11160,214
MENARD ,1109,713,3,386,7
MIDLAND ,69630,37590,4750,26042,1248
MILAM ,12532,8301,1287,2831,113
MILLS ,2491,2074,13,389,15
MITCHELL ,3657,2262,126,1236,33
MONTAGUE ,10054,8954,23,962,115
MONTGOMERY ,229835,166823,10460,45830,6722
MOORE ,10587,4340,86,5523,638
MORRIS ,6695,4480,1662,476,77
MOTLEY ,597,504,9,79,5
NACOGDOCHES ,33724,20963,6648,5505,608
NAVARRO ,24078,14717,3436,5457,468
NEWTON ,7000,5386,1372,168,74
NOLAN ,7655,4631,383,2584,57
NUECES ,173185,56949,6387,105841,4008
OCHILTREE ,4986,2601,12,2321,52
OLDHAM ,1017,845,33,121,18
ORANGE ,41129,34550,3711,2200,668
PALO PINTO ,14300,11358,331,2450,161
PANOLA ,11988,8892,2056,897,143
PARKER ,57635,50493,656,5633,853
PARMER ,5010,1995,46,2951,18
PECOS ,6765,1800,39,4851,75
POLK ,21125,16189,2054,2353,529
POTTER ,59154,30478,5396,20540,2740
PRESIDIO ,4000,545,10,3394,51
RAINS ,5429,4825,128,391,85
RANDALL ,61988,49349,1444,9955,1240
REAGAN ,1619,630,25,960,4
REAL ,1671,1241,11,396,23
RED RIVER ,6594,4910,1223,398,63
REEVES ,5502,908,100,4421,73
REFUGIO ,3714,1704,214,1771,25
ROBERTS ,460,421,0,35,4
ROBERTSON ,8392,4960,1891,1468,73
ROCKWALL ,39821,29999,2385,6104,1333
RUNNELS ,5304,3530,82,1651,41
RUSK ,25255,17459,4239,3280,277
SABINE ,5533,4900,412,167,54
SAN AUGUSTINE ,4505,3149,1077,253,26
SAN JACINTO ,13179,10255,1386,1405,133
SAN PATRICIO ,32641,13859,497,17853,432
SAN SABA ,2765,2021,12,707,25
SCHLEICHER ,1735,948,15,769,3
SCURRY ,7893,4809,225,2783,76
SHACKELFORD ,1746,1557,11,165,13
SHELBY ,12857,8449,2404,1920,84
SHERMAN ,1486,886,2,589,9
SMITH ,108289,68184,20679,17418,2008
SOMERVELL ,4308,3413,30,806,59
STARR ,31528,1253,2,30202,71
STEPHENS ,4655,3655,64,901,35
STERLING ,567,378,3,178,8
STONEWALL ,773,635,19,109,10
SUTTON ,2099,850,4,1239,6
SWISHER ,3718,2025,194,1463,36
TARRANT ,921799,488074,145742,237173,50810
TAYLOR ,67478,46208,4926,14665,1679
TERRELL ,475,242,1,229,3
TERRY ,5934,2825,197,2888,24
THROCKMORTON ,834,729,6,86,13
TITUS ,16358,8287,1638,6193,240
TOM GREEN ,56248,33120,2142,20042,944
TRAVIS ,507629,262453,45453,166715,33008
TRINITY ,7485,6136,771,504,74
TYLER ,10035,8814,860,276,85
UPSHUR ,19847,16484,1896,1253,214
UPTON ,1680,804,28,832,16
UVALDE ,13496,3976,46,9355,119
VAL VERDE ,24360,3937,246,19973,204
VAN ZANDT ,26716,23409,803,2196,308
VICTORIA ,44444,21642,2852,19279,671
WALKER ,27854,17581,5517,4279,477
WALLER ,21810,9887,5859,5843,221
WARD ,5507,2629,247,2587,44
WASHINGTON ,17138,11605,3077,2175,281
WEBB ,128816,3785,166,124053,812
WHARTON ,20989,10259,3052,7552,126
WHEELER ,2749,2009,67,647,26
WICHITA ,64062,45400,6517,10042,2103
WILBARGER ,6799,4431,515,1732,121
WILLACY ,10104,1031,43,8989,41
WILLIAMSON ,214647,139508,13903,48972,12264
WILSON ,21546,12737,332,8269,208
WINKLER ,3560,1547,73,1901,39
WISE ,29324,23906,244,4830,344
WOOD ,21342,18425,1052,1645,220
YOAKUM ,3980,1613,36,2304,27
YOUNG ,9402,7803,122,1390,87
ZAPATA ,6974,408,4,6531,31
ZAVALA ,5917,335,16,5556,10
