county,race_female_total_2010,race_female_white_2010,race_female_black_2010,race_female_hispanic_2010,race_female_other_2010,geo,race_female_total_2011,race_female_white_2011,race_female_black_2011,race_female_hispanic_2011,race_female_other_2011,race_female_total_2012,race_female_white_2012,race_female_black_2012,race_female_hispanic_2012,race_female_other_2012,race_female_total_2013,race_female_white_2013,race_female_black_2013,race_female_hispanic_2013,race_female_other_2013,race_female_total_2014,race_female_white_2014,race_female_black_2014,race_female_hispanic_2014,race_female_other_2014
ANDERSON ,22937,16224,3485,2924,304,0500000US48001,23078,16063,3363,3039,613,23218,16107,3374,3118,619,23184,15925,3378,3211,670,22937,16224,3485,2924,304
ANDREWS ,7418,3663,112,3540,103,0500000US48003,7674,3703,98,3712,161,8032,3845,106,3916,165,8247,3880,105,4086,176,7418,3663,112,3540,103
ANGELINA ,44256,28381,6984,8246,645,0500000US48005,44927,28349,6899,8613,1066,45215,28391,6949,8794,1081,45604,28265,7003,9167,1169,44256,28381,6984,8246,645
ARANSAS ,11673,8408,128,2812,325,0500000US48007,11770,8331,106,2892,441,12042,8470,109,3002,461,12331,8659,113,3093,466,11673,8408,128,2812,325
ARCHER ,4491,4120,18,303,50,0500000US48009,4423,4013,13,307,90,4469,4047,14,316,92,4619,4171,10,342,96,4491,4120,18,303,50
ARMSTRONG ,973,892,5,63,13,0500000US48011,992,898,5,65,24,995,898,5,67,25,983,892,5,62,24,973,892,5,63,13
ATASCOSA ,22781,8502,130,13975,174,0500000US48013,23512,8565,120,14524,303,23835,8641,120,14766,308,23951,8615,111,14916,309,22781,8502,130,13975,174
AUSTIN ,14344,9590,1386,3212,156,0500000US48015,14450,9474,1347,3357,272,14530,9478,1349,3429,274,14770,9467,1391,3622,290,14344,9590,1386,3212,156
BAILEY ,3544,1442,25,2056,21,0500000US48017,3590,1403,29,2121,37,3614,1407,28,2141,38,3518,1334,24,2122,38,3544,1442,25,2056,21
BANDERA ,10313,8478,45,1676,114,0500000US48019,10417,8429,40,1731,217,10460,8449,41,1751,219,10574,8505,30,1810,229,10313,8478,45,1676,114
BASTROP ,36174,21533,2774,11357,510,0500000US48021,37028,21336,2634,12004,1054,37661,21580,2666,12339,1076,38665,21703,2707,13103,1152,36174,21533,2774,11357,510
BAYLOR ,1931,1636,36,247,12,0500000US48023,1929,1615,37,245,32,1930,1614,38,245,33,1882,1562,34,253,33,1931,1636,36,247,12
BEE ,12798,4359,216,8089,134,0500000US48025,13003,4309,196,8258,240,13084,4308,198,8336,242,13013,4266,197,8306,244,12798,4359,216,8089,134
BELL ,156771,80817,34483,33436,8035,0500000US48027,160523,79938,32461,34897,13227,163098,80940,33024,35641,13493,164813,80681,33149,36833,14150,156771,80817,34483,33436,8035
BEXAR ,873933,267130,63715,515764,27324,0500000US48029,894653,262463,60987,531841,39362,908861,264901,61833,541945,40182,920689,260460,62739,554345,43145,873933,267130,63715,515764,27324
BLANCO ,5197,4221,23,880,73,0500000US48031,5271,4240,20,907,104,5336,4281,20,930,105,5218,4178,19,921,100,5197,4221,23,880,73
BORDEN ,306,261,0,42,3,0500000US48033,310,264,0,39,7,310,263,0,40,7,312,263,0,45,4,306,261,0,42,3
BOSQUE ,9159,7561,158,1371,69,0500000US48035,9204,7500,120,1423,161,9271,7524,122,1460,165,9231,7447,124,1489,171,9159,7561,158,1371,69
BOWIE ,45807,31469,11367,2170,801,0500000US48037,46117,31127,11162,2288,1540,46364,31161,11301,2346,1556,46509,30955,11435,2452,1667,45807,31469,11367,2170,801
BRAZORIA ,154166,84133,18353,41797,9883,0500000US48039,157691,83231,18253,43544,12663,159970,84082,18497,44467,12924,163589,83163,19752,46677,13997,154166,84133,18353,41797,9883
BRAZOS ,96221,58010,11292,21876,5043,0500000US48041,97864,57569,11014,22813,6468,99414,58274,11181,23362,6597,100146,57308,11296,24580,6962,96221,58010,11292,21876,5043
BREWSTER ,4596,2533,19,1979,65,0500000US48043,4633,2501,20,1996,116,4651,2496,20,2018,117,4593,2466,14,1997,116,4596,2533,19,1979,65
BRISCOE ,822,599,23,200,0,0500000US48045,834,591,22,209,12,839,590,22,215,12,763,545,17,191,10,822,599,23,200,0
BROOKS ,3644,301,8,3317,18,0500000US48047,3658,295,10,3330,23,3675,292,10,3349,24,3652,297,5,3329,21,3644,301,8,3317,18
BROWN ,19268,14691,674,3689,214,0500000US48049,19366,14526,596,3796,448,19582,14647,604,3875,456,19557,14488,613,3987,469,19268,14691,674,3689,214
BURLESON ,8683,6002,1105,1505,71,0500000US48051,8819,6027,1088,1566,138,8930,6085,1101,1605,139,8821,5964,1088,1644,125,8683,6002,1105,1505,71
BURNET ,21761,16948,405,4171,237,0500000US48053,22053,16895,339,4344,475,22333,17037,344,4464,488,22631,17152,343,4635,501,21761,16948,405,4171,237
CALDWELL ,18886,8496,1262,8886,242,0500000US48055,19137,8376,1209,9123,429,19334,8413,1209,9277,435,19514,8386,1201,9493,434,18886,8496,1262,8886,242
CALHOUN ,10534,4913,273,4896,452,0500000US48057,10590,4800,253,5012,525,10727,4830,254,5111,532,10740,4717,258,5218,547,10534,4913,273,4896,452
CALLAHAN ,6937,6271,93,497,76,0500000US48059,6920,6171,66,508,175,6977,6207,67,526,177,7304,6500,66,552,186,6937,6271,93,497,76
CAMERON ,210826,21738,558,186887,1643,0500000US48061,214781,21239,500,190994,2048,216301,21011,500,192735,2055,217676,20499,504,194496,2177,210826,21738,558,186887,1643
CAMP ,6315,3813,1208,1231,63,0500000US48063,6341,3769,1137,1271,164,6390,3772,1152,1301,165,6396,3742,1139,1339,176,6315,3813,1208,1231,63
CARSON ,3140,2808,19,272,41,0500000US48065,3181,2814,17,283,67,3197,2825,17,288,67,3097,2740,19,272,66,3140,2808,19,272,41
CASS ,15687,12111,2899,503,174,0500000US48067,15632,11966,2818,519,329,15668,11983,2819,527,339,15781,12063,2803,572,343,15687,12111,2899,503,174
CASTRO ,3978,1518,75,2353,32,0500000US48069,4017,1496,79,2403,39,4051,1487,80,2444,40,3949,1428,72,2403,46,3978,1518,75,2353,32
CHAMBERS ,17435,12534,1465,3181,255,0500000US48071,17878,12593,1432,3386,467,18252,12830,1455,3490,477,18320,12662,1462,3702,494,17435,12534,1465,3181,255
CHEROKEE ,24995,16479,3615,4673,228,0500000US48073,25193,16268,3446,4892,587,25415,16324,3477,5019,595,25715,16318,3474,5289,634,24995,16479,3615,4673,228
CHILDRESS ,2920,2125,138,623,34,0500000US48075,2927,2088,131,641,67,2918,2062,131,657,68,2918,2055,129,656,78,2920,2125,138,623,34
CLAY ,5469,5120,21,251,77,0500000US48077,5491,5055,26,253,157,5518,5080,26,254,158,5521,5079,21,262,159,5469,5120,21,251,77
COCHRAN ,1592,686,60,834,12,0500000US48079,1575,667,56,832,20,1578,663,55,840,20,1533,632,64,814,23,1592,686,60,834,12
COKE ,1694,1391,2,290,11,0500000US48081,1685,1365,3,289,28,1705,1369,3,304,29,1662,1325,2,307,28,1694,1391,2,290,11
COLEMAN ,4479,3617,96,722,44,0500000US48083,4488,3578,94,738,78,4532,3605,95,754,78,4356,3442,89,741,84,4479,3617,96,722,44
COLLIN ,397978,255920,36745,56812,48501,0500000US48085,413452,256512,36583,60914,59443,420900,260388,37306,62395,60811,434988,261208,40150,68010,65620,397978,255920,36745,56812,48501
COLLINGSWORTH ,1559,997,70,464,28,0500000US48087,1560,975,72,474,39,1573,975,73,487,38,1504,912,67,480,45,1559,997,70,464,28
COLORADO ,10527,6403,1427,2621,76,0500000US48089,10535,6308,1380,2697,150,10595,6291,1388,2764,152,10776,6313,1419,2875,169,10527,6403,1427,2621,76
COMAL ,55218,39810,877,13742,789,0500000US48091,57119,40563,790,14337,1429,58579,41463,811,14836,1469,60135,42406,851,15275,1603,55218,39810,877,13742,789
COMANCHE ,7089,5275,14,1740,60,0500000US48093,7094,5182,13,1788,111,7128,5180,13,1826,109,7080,5102,13,1852,113,7089,5275,14,1740,60
CONCHO ,1294,888,4,390,12,0500000US48095,1290,878,5,390,17,1283,869,5,392,17,1288,870,5,397,16,1294,888,4,390,12
COOKE ,19381,15635,578,2811,357,0500000US48097,19497,15423,466,2928,680,19655,15493,471,3003,688,19771,15463,479,3128,701,19381,15635,578,2811,357
CORYELL ,38496,24315,6619,5915,1647,0500000US48099,38933,23879,5994,6148,2912,39506,24210,6066,6267,2963,39256,23770,5950,6491,3045,38496,24315,6619,5915,1647
COTTLE ,792,551,74,165,2,0500000US48101,807,560,73,171,3,806,556,75,172,3,778,539,63,170,6,792,551,74,165,2
CRANE ,2230,933,60,1207,30,0500000US48103,2243,909,59,1234,41,2293,920,61,1271,41,2408,958,67,1339,44,2230,933,60,1207,30
CROCKETT ,1888,666,4,1208,10,0500000US48105,1893,657,6,1213,17,1907,662,6,1222,17,1900,653,3,1227,17,1888,666,4,1208,10
CROSBY ,3142,1392,111,1624,15,0500000US48107,3148,1351,104,1662,31,3156,1336,103,1686,31,3092,1285,99,1678,30,3142,1392,111,1624,15
CULBERSON ,1231,251,3,961,16,0500000US48109,1219,232,2,958,27,1233,235,2,969,27,1222,237,3,959,23,1231,251,3,961,16
DALLAM ,3221,1858,40,1276,47,0500000US48111,3303,1850,40,1328,85,3399,1899,41,1375,84,3327,1828,40,1378,81,3221,1858,40,1276,47
DALLAS ,1197137,407769,286022,435884,67462,0500000US48113,1214103,392626,284136,453266,84075,1225727,392344,286253,461763,85367,1238272,376850,291432,479548,90442,1197137,407769,286022,435884,67462
DAWSON ,6018,2453,256,3269,40,0500000US48115,6022,2412,218,3314,78,6036,2402,214,3342,78,6010,2339,223,3364,84,6018,2453,256,3269,40
DEAF SMITH ,9720,3120,92,6429,79,0500000US48117,9818,3045,85,6556,132,9862,3014,86,6631,131,9643,2848,75,6590,130,9720,3120,92,6429,79
DELTA ,2668,2269,217,120,62,0500000US48119,2683,2224,209,122,128,2730,2255,215,127,133,2683,2239,203,122,119,2668,2269,217,120,62
DENTON ,336654,220546,30674,59790,25644,0500000US48121,348523,220979,29954,64010,33580,357546,226034,30758,66166,34588,366163,224722,32339,71529,37573,336654,220546,30674,59790,25644
DEWITT ,9650,5786,794,2964,106,0500000US48123,9865,5835,749,3092,189,,,,,,9828,5653,758,3221,196,9650,5786,794,2964,106
DICKENS ,1061,772,14,260,15,0500000US48125,1063,768,13,261,21,1076,774,14,267,21,1008,718,13,257,20,1061,772,14,260,15
DIMMIT ,5157,603,37,4478,39,0500000US48127,5383,615,38,4681,49,5466,624,38,4755,49,5658,647,40,4921,50,5157,603,37,4478,39
DONLEY ,1852,1589,94,152,17,0500000US48129,1858,1569,92,152,45,1876,1580,93,158,45,1829,1530,97,160,42,1852,1589,94,152,17
DUVAL ,5705,529,5,5145,26,0500000US48131,5709,516,4,5153,36,5795,517,4,5238,36,5618,503,6,5075,34,5705,529,5,5145,26
EASTLAND ,9512,7984,152,1293,83,0500000US48133,9483,7859,132,1330,162,9509,7866,132,1348,163,9566,7860,138,1399,169,9512,7984,152,1293,83
ECTOR ,69444,29084,3027,36374,959,0500000US48135,70453,28481,2853,37587,1532,72380,28964,2913,38928,1575,75374,29224,3047,41432,1671,69444,29084,3027,36374,959
EDWARDS ,981,476,3,494,8,0500000US48137,984,475,3,496,10,987,474,3,500,10,906,430,3,461,12,981,476,3,494,8
ELLIS ,75740,50667,7084,17004,985,0500000US48139,77499,50753,7023,17865,1858,78130,50972,7085,18187,1886,79148,50751,7245,19166,1986,75740,50667,7084,17004,985
EL PASO ,412771,50555,9648,346228,6340,0500000US48141,423191,49213,8841,356062,9075,429903,49718,9031,361916,9238,426367,47085,8814,360930,9538,412771,50555,9648,346228,6340
ERATH ,19285,15377,196,3496,216,0500000US48143,19617,15364,175,3668,410,19907,15530,178,3783,416,20232,15678,193,3922,439,19285,15377,196,3496,216
FALLS ,9372,4970,2568,1760,74,0500000US48145,9374,4874,2551,1801,148,9395,4853,2569,1823,150,9137,4704,2485,1797,151,9372,4970,2568,1760,74
FANNIN ,15927,13682,800,1216,229,0500000US48147,16065,13561,716,1277,511,16162,13602,726,1310,524,16218,13576,723,1382,537,15927,13682,800,1216,229
FAYETTE ,12473,9269,902,2218,84,0500000US48149,12860,9467,859,2350,184,12975,9511,866,2409,189,12561,9118,823,2435,185,12473,9269,902,2218,84
FISHER ,2016,1441,71,492,12,0500000US48151,1998,1412,69,491,26,1999,1406,70,497,26,1954,1364,65,501,24,2016,1441,71,492,12
FLOYD ,3270,1445,116,1694,15,0500000US48153,3266,1416,101,1721,28,3280,1400,101,1749,30,3163,1335,105,1695,28,3270,1445,116,1694,15
FOARD ,699,572,30,93,4,0500000US48155,704,573,28,98,5,706,572,28,101,5,674,535,33,101,5,699,572,30,93,4
FORT BEND ,298007,108519,66866,69684,52938,0500000US48157,309523,107933,67991,73649,59950,317979,110544,69748,75968,61719,332137,111261,73102,81287,66487,298007,108519,66866,69684,52938
FRANKLIN ,5390,4470,238,612,70,0500000US48159,5396,4404,205,630,157,5406,4401,206,640,159,5298,4256,206,679,157,5390,4470,238,612,70
FREESTONE ,9379,6771,1434,1103,71,0500000US48161,9468,6744,1434,1148,142,9542,6771,1441,1187,143,9504,6717,1434,1202,151,9379,6771,1434,1103,71
FRIO ,7185,1319,35,5771,60,0500000US48163,7364,1316,30,5927,91,7514,1330,30,6060,94,7573,1351,34,6105,83,7185,1319,35,5771,60
GAINES ,8728,5432,136,3119,41,0500000US48165,8902,5462,133,3201,106,9021,5515,134,3264,108,9386,5776,138,3358,114,8728,5432,136,3119,41
GALVESTON ,147075,87947,21407,32265,5456,0500000US48167,149412,87444,20794,33458,7716,151714,88552,21047,34239,7876,153659,88465,20965,35707,8522,147075,87947,21407,32265,5456
GARZA ,2369,1310,132,902,25,0500000US48169,2399,1312,123,922,42,2404,1302,126,933,43,2406,1295,120,951,40,2369,1310,132,902,25
GILLESPIE ,12869,10358,29,2369,113,0500000US48171,13044,10364,26,2471,183,13205,10423,26,2569,187,13306,10502,21,2588,195,12869,10358,29,2369,113
GLASSCOCK ,577,389,8,177,3,0500000US48173,584,395,7,180,2,586,396,7,181,2,591,398,6,183,4,577,389,8,177,3
GOLIAD ,3614,2200,165,1229,20,0500000US48175,3659,2208,169,1241,41,3711,2233,167,1270,41,3747,2230,158,1313,46,3614,2200,165,1229,20
GONZALES ,9848,4587,675,4505,81,0500000US48177,9974,4533,649,4652,140,10029,4519,646,4723,141,10026,4406,654,4807,159,9848,4587,675,4505,81
GRAY ,10832,7977,329,2394,132,0500000US48179,10917,7821,283,2517,296,10983,7821,284,2581,297,11034,7690,296,2743,305,10832,7977,329,2394,132
GRAYSON ,61960,49801,4011,6633,1515,0500000US48181,62350,48928,3625,6978,2819,62572,48916,3649,7150,2857,62948,48786,3585,7575,3002,61960,49801,4011,6633,1515
GREGG ,62262,38731,13216,9283,1032,0500000US48183,62900,38236,12869,9857,1938,63364,38273,12990,10127,1974,63539,37696,12948,10807,2088,62262,38731,13216,9283,1032
GRIMES ,12117,7711,1856,2466,84,0500000US48185,12308,7685,1818,2569,236,12437,7742,1820,2634,241,12432,7609,1834,2742,247,12117,7711,1856,2466,84
GUADALUPE ,66771,37112,4357,23685,1617,0500000US48187,69057,37426,4132,24761,2738,70730,38218,4223,25484,2805,73183,39346,4374,26488,2975,66771,37112,4357,23685,1617
HALE ,17536,6823,717,9833,163,0500000US48189,17709,6706,670,10052,281,17719,6629,669,10142,279,17171,6307,660,9924,280,17536,6823,717,9833,163
HALL ,1696,1049,106,529,12,0500000US48191,1729,1047,107,551,24,1741,1043,109,564,25,1680,1002,105,555,18,1696,1049,106,529,12
HAMILTON ,4322,3866,13,406,37,0500000US48193,4329,3854,13,413,49,4358,3870,13,427,48,4251,3755,11,426,59,4322,3866,13,406,37
HANSFORD ,2810,1617,15,1160,18,0500000US48195,2805,1579,14,1179,33,2816,1570,14,1199,33,2735,1504,12,1189,30,2810,1617,15,1160,18
HARDEMAN ,2088,1542,105,429,12,0500000US48197,2049,1487,94,432,36,2063,1490,94,441,38,2004,1424,89,452,39,2088,1542,105,429,12
HARDIN ,27693,24547,1752,1130,264,0500000US48199,28117,24688,1724,1195,510,28277,24810,1742,1210,515,28898,25240,1786,1317,555,27693,24547,1752,1130,264
HARRIS ,2055054,692024,410933,812700,139397,0500000US48201,2095946,675841,407618,844652,167835,2129930,681317,413180,864454,170979,2165229,666304,418276,899104,181545,2055054,692024,410933,812700,139397
HARRISON ,33407,21832,7855,3363,357,0500000US48203,33798,21784,7666,3588,760,34210,21993,7732,3694,791,33833,21486,7593,3941,813,33407,21832,7855,3363,357
HARTLEY ,2362,1883,6,442,31,0500000US48205,2361,1858,4,452,47,2390,1873,4,465,48,2374,1846,6,475,47,2362,1883,6,442,31
HASKELL ,2795,2030,79,664,22,0500000US48207,2799,1998,68,680,53,2809,1992,70,694,53,2742,1935,72,690,45,2795,2030,79,664,22
HAYS ,78852,47043,2555,27805,1449,0500000US48209,82202,47901,2343,29400,2558,83638,48543,2379,30105,2611,88514,50782,2490,32397,2845,78852,47043,2555,27805,1449
HEMPHILL ,1879,1357,2,499,21,0500000US48211,1897,1350,2,509,36,1921,1357,2,525,37,1967,1379,2,548,38,1879,1357,2,499,21
HENDERSON ,40064,32950,2576,4100,438,0500000US48213,40365,32703,2452,4294,916,40535,32740,2467,4396,932,40699,32599,2471,4620,1009,40064,32950,2576,4100,438
HIDALGO ,397825,30355,1022,362088,4360,0500000US48215,409575,30286,932,373281,5076,416328,30175,948,380073,5132,419004,30267,971,382345,5421,397825,30355,1022,362088,4360
HILL ,17881,13392,1247,3062,180,0500000US48217,18129,13391,1179,3202,357,18219,13394,1187,3274,364,17834,13045,1160,3278,351,17881,13392,1247,3062,180
HOCKLEY ,11638,6076,428,5042,92,0500000US48219,11661,5970,407,5126,158,11708,5954,409,5187,158,11858,5954,437,5282,185,11638,6076,428,5042,92
HOOD ,26001,23074,125,2435,367,0500000US48221,26442,23179,84,2562,617,26589,23264,85,2618,622,26939,23476,85,2734,644,26001,23074,125,2435,367
HOPKINS ,17740,13686,1366,2462,226,0500000US48223,17876,13563,1266,2577,470,18091,13680,1277,2657,477,17880,13362,1270,2749,499,17740,13686,1366,2462,226
HOUSTON ,10963,7287,2716,813,147,0500000US48225,10960,7211,2669,835,245,10998,7210,2684,855,249,10806,7056,2608,883,259,10963,7287,2716,813,147
HOWARD ,15292,8826,627,5594,245,0500000US48227,15342,8718,575,5683,366,15500,8761,575,5792,372,15735,8840,592,5906,397,15292,8826,627,5594,245
HUDSPETH ,1726,301,12,1398,15,0500000US48229,1741,288,10,1415,28,1749,282,10,1429,28,1696,283,7,1380,26,1726,301,12,1398,15
HUNT ,43429,33173,3828,5517,911,0500000US48231,43964,32814,3705,5821,1624,44143,32844,3735,5923,1641,44865,32958,3787,6350,1770,43429,33173,3828,5517,911
HUTCHINSON ,11073,8431,278,2141,223,0500000US48233,11086,8266,223,2199,398,11125,8262,221,2240,402,10834,7984,226,2221,403,11073,8431,278,2141,223
IRION ,792,574,5,200,13,0500000US48235,806,583,3,206,14,827,598,3,211,15,856,609,5,224,18,792,574,5,200,13
JACK ,4014,3433,42,502,37,0500000US48237,4050,3423,33,520,74,4054,3413,33,532,76,4021,3382,31,544,64,4014,3433,42,502,37
JACKSON ,7128,4564,511,2002,51,0500000US48239,7137,4493,501,2041,102,7194,4511,505,2075,103,7330,4554,517,2156,103,7128,4564,511,2002,51
JASPER ,18167,13877,3198,874,218,0500000US48241,18247,13806,3083,902,456,18328,13851,3097,918,462,17967,13525,3034,935,473,18167,13877,3198,874,218
JEFF DAVIS ,1155,749,7,392,7,0500000US48243,1177,750,4,398,25,1199,763,4,406,26,1113,702,3,383,25,1155,749,7,392,7
JEFFERSON ,123327,56636,43534,18511,4646,0500000US48245,123611,55246,42870,19381,6114,124095,55072,43083,19750,6190,123331,53206,42831,20825,6469,123327,56636,43534,18511,4646
JIM HOGG ,2684,168,3,2500,13,0500000US48247,2693,160,2,2508,23,2723,160,2,2537,24,2642,154,1,2464,23,2684,168,3,2500,13
JIM WELLS ,20731,4117,63,16405,146,0500000US48249,21114,4100,67,16757,190,21448,4135,69,17049,195,21160,3963,67,16931,199,20731,4117,63,16405,146
JOHNSON ,75415,59246,1982,12918,1269,0500000US48251,76612,58957,1766,13636,2253,77783,59697,1785,14007,2294,78702,59360,1904,14987,2451,75415,59246,1982,12918,1269
JONES ,7819,5802,321,1610,86,0500000US48253,7876,5726,293,1676,181,7914,5740,296,1695,183,7560,5510,289,1577,184,7819,5802,321,1610,86
KARNES ,5982,2747,101,3075,59,0500000US48255,6064,2770,98,3126,70,6357,2885,104,3294,74,6100,2752,95,3176,77,5982,2747,101,3075,59
KAUFMAN ,52539,37239,5838,8573,889,0500000US48257,53517,37192,5680,9052,1593,54310,37639,5756,9298,1617,55336,37800,5884,9940,1712,52539,37239,5838,8573,889
KENDALL ,17111,13475,69,3349,218,0500000US48259,17711,13739,61,3534,377,18152,14026,67,3673,386,19438,15021,62,3948,407,17111,13475,69,3349,218
KENEDY ,204,46,2,152,4,0500000US48261,213,49,1,157,6,221,51,1,162,7,201,50,1,146,4,204,46,2,152,4
KENT ,416,353,4,56,3,0500000US48263,418,352,6,54,6,432,360,7,57,8,402,340,3,54,5,416,353,4,56,3
KERR ,25557,18940,352,5896,369,0500000US48265,25685,18721,300,6042,622,25903,18785,299,6189,630,26166,18913,307,6293,653,25557,18940,352,5896,369
KIMBLE ,2326,1773,4,527,22,0500000US48267,2338,1771,4,532,31,2370,1793,4,541,32,2350,1774,4,542,30,2326,1773,4,527,22
KING ,145,130,0,15,0,0500000US48269,142,125,0,13,4,149,130,0,14,5,148,126,0,18,4,145,130,0,15,0
KINNEY ,1643,757,18,851,17,0500000US48271,1671,753,16,876,26,1691,762,16,886,27,1668,741,18,881,28,1643,757,18,851,17
KLEBERG ,15724,3581,474,11312,357,0500000US48273,15789,3504,455,11372,458,15870,3516,452,11443,459,15654,3403,463,11329,459,15724,3581,474,11312,357
KNOX ,1884,1208,124,542,10,0500000US48275,1851,1173,111,542,25,2461,1545,148,733,35,1927,1196,120,587,24,1884,1208,124,542,10
LAMAR ,25749,19884,3767,1562,536,0500000US48277,25915,19517,3613,1642,1143,26045,19561,3645,1681,1158,25885,19261,3641,1770,1213,25749,19884,3767,1562,536
LAMB ,7013,3134,288,3542,49,0500000US48279,7061,3054,276,3626,105,7080,3029,277,3668,106,6863,2882,270,3615,96,7013,3134,288,3542,49
LAMPASAS ,9972,7700,325,1684,263,0500000US48281,10090,7575,288,1755,472,10196,7638,290,1789,479,10359,7672,301,1886,500,9972,7700,325,1684,263
LA SALLE ,2797,438,1,2345,13,0500000US48283,2873,439,1,2410,23,2971,448,1,2496,26,2982,444,1,2518,19,2797,438,1,2345,13
LAVACA ,9847,7608,657,1510,72,0500000US48285,9971,7618,646,1574,133,10087,7684,652,1617,134,9904,7474,653,1637,140,9847,7608,657,1510,72
LEE ,8202,5485,897,1758,62,0500000US48287,8233,5442,833,1800,158,8338,5483,844,1850,161,8399,5507,839,1883,170,8202,5485,897,1758,62
LEON ,8416,6634,638,1055,89,0500000US48289,8567,6679,616,1105,167,8712,6779,619,1141,173,8492,6570,589,1169,164,8416,6634,638,1055,89
LIBERTY ,38453,27024,4470,6536,423,0500000US48291,38573,26568,4278,6823,904,39049,26804,4310,7014,921,40130,27206,4399,7546,979,38453,27024,4470,6536,423
LIMESTONE ,11262,7158,2097,1921,86,0500000US48293,11402,7146,2019,2003,234,11530,7192,2037,2062,239,11171,6923,1969,2042,237,11262,7158,2097,1921,86
LIPSCOMB ,1640,1136,5,479,20,0500000US48295,1650,1112,5,490,43,1682,1123,5,510,44,1703,1128,3,524,48,1640,1136,5,479,20
LIVE OAK ,5336,3343,28,1917,48,0500000US48297,5421,3341,21,1975,84,5549,3397,21,2045,86,5456,3311,20,2038,87,5336,3343,28,1917,48
LLANO ,9972,9010,51,806,105,0500000US48299,10077,9010,41,829,197,10230,9131,42,857,200,10184,9087,37,857,203,9972,9010,51,806,105
LOVING ,36,26,0,9,1,0500000US48301,36,25,0,10,1,35,24,0,10,1,36,24,0,11,1,36,26,0,9,1
LUBBOCK ,141045,82426,10577,44388,3654,0500000US48303,143068,81810,10187,45838,5233,145307,82670,10359,46936,5342,147093,82228,10509,48601,5755,141045,82426,10577,44388,3654
LYNN ,2968,1560,51,1336,21,0500000US48305,2965,1534,46,1346,39,2982,1541,47,1355,39,2894,1464,50,1343,37,2968,1560,51,1336,21
MCCULLOCH ,4226,2914,69,1213,30,0500000US48307,4224,2879,60,1236,49,,,,,,4222,2843,56,1269,54,4226,2914,69,1213,30
MCLENNAN ,120737,72118,18900,27324,2395,0500000US48309,122356,71344,18362,28534,4116,,,,,,124067,70542,18737,30410,4378,120737,72118,18900,27324,2395
MCMULLEN ,340,215,3,119,3,0500000US48311,399,250,4,139,6,,,,,,390,244,3,137,6,340,215,3,119,3
MADISON ,5791,3815,962,936,78,0500000US48313,5827,3795,940,958,134,5844,3778,948,984,134,5968,3847,943,1036,142,5791,3815,962,936,78
MARION ,5375,3837,1302,164,72,0500000US48315,5381,3772,1277,162,170,5450,3814,1290,170,176,5293,3686,1262,171,174,5375,3837,1302,164,72
MARTIN ,2388,1292,47,1035,14,0500000US48317,2390,1286,33,1042,29,2491,1335,33,1091,32,2635,1398,36,1169,32,2388,1292,47,1035,14
MASON ,2034,1604,7,412,11,0500000US48319,2060,1616,6,417,21,2097,1641,6,428,22,2100,1639,5,433,23,2034,1604,7,412,11
MATAGORDA ,18339,8846,2190,6855,448,0500000US48321,18387,8689,2129,6992,577,18536,8689,2138,7126,583,18159,8395,2085,7086,593,18339,8846,2190,6855,448
MAVERICK ,27807,731,37,26713,326,0500000US48323,28327,724,32,27202,369,28591,720,32,27466,373,28578,728,29,27446,375,27807,731,37,26713,326
MEDINA ,22350,10801,175,11160,214,0500000US48325,22529,10690,125,11329,385,22856,10799,128,11534,395,23506,11061,123,11914,408,22350,10801,175,11160,214
MENARD ,1109,713,3,386,7,0500000US48327,1120,712,3,393,12,1134,716,3,402,13,1114,706,4,394,10,1109,713,3,386,7
MIDLAND ,69630,37590,4750,26042,1248,0500000US48329,71352,37457,4554,27339,2002,74049,38640,4692,28622,2095,77031,39066,4900,30725,2340,69630,37590,4750,26042,1248
MILAM ,12532,8301,1287,2831,113,0500000US48331,12594,8239,1256,2917,182,12763,8301,1273,3002,187,12274,7918,1219,2944,193,12532,8301,1287,2831,113
MILLS ,2491,2074,13,389,15,0500000US48333,2498,2060,13,397,28,2538,2086,13,409,30,2508,2050,12,414,32,2491,2074,13,389,15
MITCHELL ,3657,2262,126,1236,33,0500000US48335,3678,2234,124,1266,54,3695,2227,126,1285,57,3621,2176,123,1267,55,3657,2262,126,1236,33
MONTAGUE ,10054,8954,23,962,115,0500000US48337,10084,8835,10,1006,233,10189,8905,10,1034,240,10123,8803,6,1074,240,10054,8954,23,962,115
MONTGOMERY ,229835,166823,10460,45830,6722,0500000US48339,237694,168394,10070,49211,10019,243115,171697,10296,50815,10307,252803,175381,10872,55514,11036,229835,166823,10460,45830,6722
MOORE ,10587,4340,86,5523,638,0500000US48341,10612,4201,84,5586,741,10681,4173,86,5659,763,10628,4039,85,5689,815,10587,4340,86,5523,638
MORRIS ,6695,4480,1662,476,77,0500000US48343,6697,4439,1597,494,167,6781,4484,1614,511,172,6781,4413,1640,553,175,6695,4480,1662,476,77
MOTLEY ,597,504,9,79,5,0500000US48345,586,487,13,81,5,612,504,13,89,6,583,496,7,75,5,597,504,9,79,5
NACOGDOCHES ,33724,20963,6648,5505,608,0500000US48347,34038,20740,6531,5739,1028,34283,20788,6574,5875,1046,33734,20302,6443,5933,1056,33724,20963,6648,5505,608
NAVARRO ,24078,14717,3436,5457,468,0500000US48349,24321,14590,3345,5699,687,24420,14545,3359,5818,698,24671,14525,3313,6105,728,24078,14717,3436,5457,468
NEWTON ,7000,5386,1372,168,74,0500000US48351,7044,5330,1364,173,177,7078,5347,1374,173,184,7010,5273,1378,181,178,7000,5386,1372,168,74
NOLAN ,7655,4631,383,2584,57,0500000US48353,7687,4582,332,2640,133,7711,4571,334,2670,136,7498,4428,326,2619,125,7655,4631,383,2584,57
NUECES ,173185,56949,6387,105841,4008,0500000US48355,176265,55984,6004,108663,5614,177367,56012,6018,109676,5661,178339,54620,5987,111758,5974,173185,56949,6387,105841,4008
OCHILTREE ,4986,2601,12,2321,52,0500000US48357,5033,2540,9,2404,80,5163,2576,10,2497,80,5230,2529,12,2598,91,4986,2601,12,2321,52
OLDHAM ,1017,845,33,121,18,0500000US48359,1027,839,29,125,34,1065,870,29,129,37,1038,847,31,130,30,1017,845,33,121,18
ORANGE ,41129,34550,3711,2200,668,0500000US48361,41192,34090,3622,2302,1178,41568,34332,3677,2356,1203,41491,34041,3691,2509,1250,41129,34550,3711,2200,668
PALO PINTO ,14300,11358,331,2450,161,0500000US48363,14355,11250,286,2529,290,14408,11256,282,2576,294,14465,11232,287,2657,289,14300,11358,331,2450,161
PANOLA ,11988,8892,2056,897,143,0500000US48365,12067,8861,2029,943,234,12132,8876,2033,970,253,12163,8861,2040,1014,248,11988,8892,2056,897,143
PARKER ,57635,50493,656,5633,853,0500000US48367,59027,50778,518,6109,1622,59878,51449,527,6253,1649,60288,51233,542,6780,1733,57635,50493,656,5633,853
PARMER ,5010,1995,46,2951,18,0500000US48369,5035,1947,39,3012,37,5070,1934,39,3059,38,4813,1774,45,2965,29,5010,1995,46,2951,18
PECOS ,6765,1800,39,4851,75,0500000US48371,6782,1757,33,4883,109,6829,1748,34,4936,111,6933,1755,30,5024,124,6765,1800,39,4851,75
POLK ,21125,16189,2054,2353,529,0500000US48373,21220,16012,1967,2447,794,21412,16107,1988,2512,805,21848,16316,2011,2671,850,21125,16189,2054,2353,529
POTTER ,59154,30478,5396,20540,2740,0500000US48375,59730,29756,5018,21210,3746,60143,29637,5086,21606,3814,60533,29159,5060,22259,4055,59154,30478,5396,20540,2740
PRESIDIO ,4000,545,10,3394,51,0500000US48377,4034,537,9,3428,60,4062,538,9,3455,60,4085,538,6,3469,72,4000,545,10,3394,51
RAINS ,5429,4825,128,391,85,0500000US48379,5506,4846,113,406,141,5608,4923,118,422,145,5527,4865,110,414,138,5429,4825,128,391,85
RANDALL ,61988,49349,1444,9955,1240,0500000US48381,63527,49573,1256,10665,2033,64751,50400,1287,10983,2081,65298,49980,1357,11735,2226,61988,49349,1444,9955,1240
REAGAN ,1619,630,25,960,4,0500000US48383,1627,616,25,973,13,1728,650,27,1034,17,1723,649,22,1037,15,1619,630,25,960,4
REAL ,1671,1241,11,396,23,0500000US48385,1705,1243,12,408,42,1732,1257,13,420,42,1692,1230,8,418,36,1671,1241,11,396,23
RED RIVER ,6594,4910,1223,398,63,0500000US48387,6593,4823,1204,413,153,6592,4807,1208,424,153,6325,4587,1162,421,155,6594,4910,1223,398,63
REEVES ,5502,908,100,4421,73,0500000US48389,5516,897,96,4447,76,5549,895,93,4484,77,5563,881,95,4511,76,5502,908,100,4421,73
REFUGIO ,3714,1704,214,1771,25,0500000US48391,3714,1663,210,1793,48,3748,1673,209,1818,48,3632,1592,203,1784,53,3714,1704,214,1771,25
ROBERTS ,460,421,0,35,4,0500000US48393,459,423,0,31,5,463,427,0,31,5,450,413,0,32,5,460,421,0,35,4
ROBERTSON ,8392,4960,1891,1468,73,0500000US48395,8589,4979,1929,1532,149,8691,5024,1950,1567,150,8543,4879,1909,1604,151,8392,4960,1891,1468,73
ROCKWALL ,39821,29999,2385,6104,1333,0500000US48397,41177,30446,2354,6483,1894,42069,31036,2401,6685,1947,43296,31555,2579,7055,2107,39821,29999,2385,6104,1333
RUNNELS ,5304,3530,82,1651,41,0500000US48399,5331,3498,73,1687,73,5376,3509,74,1719,74,5147,3317,73,1687,70,5304,3530,82,1651,41
RUSK ,25255,17459,4239,3280,277,0500000US48401,25439,17268,4120,3456,595,25641,17335,4144,3560,602,25316,16925,4064,3707,620,25255,17459,4239,3280,277
SABINE ,5533,4900,412,167,54,0500000US48403,5572,4895,391,172,114,5606,4919,392,177,118,5613,4925,393,178,117,5533,4900,412,167,54
SAN AUGUSTINE ,4505,3149,1077,253,26,0500000US48405,4513,3101,1074,262,76,4586,3138,1093,275,80,4476,3057,1078,266,75,4505,3149,1077,253,26
SAN JACINTO ,13179,10255,1386,1405,133,0500000US48407,13391,10241,1362,1481,307,13585,10364,1382,1526,313,13842,10501,1426,1599,316,13179,10255,1386,1405,133
SAN PATRICIO ,32641,13859,497,17853,432,0500000US48409,32700,13521,413,18036,730,32799,13490,410,18161,738,32946,13342,416,18442,746,32641,13859,497,17853,432
SAN SABA ,2765,2021,12,707,25,0500000US48411,2788,1994,13,726,55,2849,2017,13,762,57,2713,1921,11,734,47,2765,2021,12,707,25
SCHLEICHER ,1735,948,15,769,3,0500000US48413,1742,939,15,775,13,1764,945,15,791,13,1728,920,13,784,11,1735,948,15,769,3
SCURRY ,7893,4809,225,2783,76,0500000US48415,7921,4741,200,2855,125,8055,4792,206,2931,126,8108,4720,208,3047,133,7893,4809,225,2783,76
SHACKELFORD ,1746,1557,11,165,13,0500000US48417,1739,1535,6,161,37,1751,1543,5,166,37,1747,1542,3,168,34,1746,1557,11,165,13
SHELBY ,12857,8449,2404,1920,84,0500000US48419,13004,8435,2371,2013,185,13046,8412,2375,2058,201,13040,8367,2357,2128,188,12857,8449,2404,1920,84
SHERMAN ,1486,886,2,589,9,0500000US48421,1489,868,2,604,15,1503,868,2,617,16,1486,846,1,624,15,1486,886,2,589,9
SMITH ,108289,68184,20679,17418,2008,0500000US48423,110104,67865,20303,18472,3464,111346,68276,20536,18996,3538,110614,66759,20466,19700,3689,108289,68184,20679,17418,2008
SOMERVELL ,4308,3413,30,806,59,0500000US48425,4378,3398,26,830,124,4467,3462,27,852,126,4402,3374,21,883,124,4308,3413,30,806,59
STARR ,31528,1253,2,30202,71,0500000US48427,31941,1255,2,30601,83,32277,1251,2,30940,84,31974,1264,3,30622,85,31528,1253,2,30202,71
STEPHENS ,4655,3655,64,901,35,0500000US48429,4657,3618,66,920,53,4693,3627,66,945,55,4546,3503,55,936,52,4655,3655,64,901,35
STERLING ,567,378,3,178,8,0500000US48431,567,374,3,179,11,575,378,3,183,11,612,392,4,200,16,567,378,3,178,8
STONEWALL ,773,635,19,109,10,0500000US48433,765,616,16,113,20,783,629,17,117,20,729,587,17,105,20,773,635,19,109,10
SUTTON ,2099,850,4,1239,6,0500000US48435,2105,846,0,1248,11,2121,848,0,1262,11,2068,813,0,1244,11,2099,850,4,1239,6
SWISHER ,3718,2025,194,1463,36,0500000US48437,3708,1981,166,1491,70,3723,1965,168,1519,71,3604,1892,158,1484,70,3718,2025,194,1463,36
TARRANT ,921799,488074,145742,237173,50810,0500000US48439,941539,480696,143968,248435,68440,955472,485096,146215,254467,69694,972584,477904,151987,268267,74426,921799,488074,145742,237173,50810
TAYLOR ,67478,46208,4926,14665,1679,0500000US48441,67889,45330,4477,15181,2901,68534,45582,4543,15468,2941,68997,45417,4606,15905,3069,67478,46208,4926,14665,1679
TERRELL ,475,242,1,229,3,0500000US48443,466,233,1,225,7,469,233,1,229,6,435,217,2,211,5,475,242,1,229,3
TERRY ,5934,2825,197,2888,24,0500000US48445,5964,2771,187,2947,59,6007,2763,185,2998,61,5914,2671,187,2990,66,5934,2825,197,2888,24
THROCKMORTON ,834,729,6,86,13,0500000US48447,820,713,8,85,14,837,726,8,89,14,814,706,6,87,15,834,729,6,86,13
TITUS ,16358,8287,1638,6193,240,0500000US48449,16497,8142,1598,6405,352,16603,8102,1595,6548,358,16539,7913,1596,6667,363,16358,8287,1638,6193,240
TOM GREEN ,56248,33120,2142,20042,944,0500000US48451,56606,32493,1884,20526,1703,57100,32626,1898,20855,1721,58240,32807,1952,21646,1835,56248,33120,2142,20042,944
TRAVIS ,507629,262453,45453,166715,33008,0500000US48453,520006,260513,43384,172989,43120,530986,264613,44165,177996,44212,549543,270610,44766,186198,47969,507629,262453,45453,166715,33008
TRINITY ,7485,6136,771,504,74,0500000US48455,7524,6106,748,515,155,7560,6124,751,528,157,7257,5871,718,513,155,7485,6136,771,504,74
TYLER ,10035,8814,860,276,85,0500000US48457,10072,8765,826,282,199,10162,8846,827,288,201,10029,8691,848,291,199,10035,8814,860,276,85
UPSHUR ,19847,16484,1896,1253,214,0500000US48459,20106,16411,1805,1332,558,20311,16560,1813,1371,567,20209,16348,1834,1446,581,19847,16484,1896,1253,214
UPTON ,1680,804,28,832,16,0500000US48461,1685,793,27,841,24,1698,792,27,855,24,1658,773,25,836,24,1680,804,28,832,16
UVALDE ,13496,3976,46,9355,119,0500000US48463,13522,3880,39,9430,173,13672,3879,40,9575,178,13663,3812,45,9632,174,13496,3976,46,9355,119
VAL VERDE ,24360,3937,246,19973,204,0500000US48465,24506,3850,232,20130,294,24835,3891,235,20414,295,24092,3690,236,19864,302,24360,3937,246,19973,204
VAN ZANDT ,26716,23409,803,2196,308,0500000US48467,26798,23167,702,2284,645,27144,23413,712,2360,659,27190,23302,706,2495,687,26716,23409,803,2196,308
VICTORIA ,44444,21642,2852,19279,671,0500000US48469,44758,21310,2710,19711,1027,45554,21581,2735,20191,1047,45711,21219,2800,20566,1126,44444,21642,2852,19279,671
WALKER ,27854,17581,5517,4279,477,0500000US48471,28048,17389,5372,4409,878,28361,17529,5426,4508,898,28608,17547,5454,4629,978,27854,17581,5517,4279,477
WALLER ,21810,9887,5859,5843,221,0500000US48473,22133,9831,5752,6099,451,22476,9926,5832,6260,458,22897,9991,5793,6645,468,21810,9887,5859,5843,221
WARD ,5507,2629,247,2587,44,0500000US48475,5585,2610,234,2643,98,5640,2625,237,2678,100,5809,2663,247,2792,107,5507,2629,247,2587,44
WASHINGTON ,17138,11605,3077,2175,281,0500000US48477,17237,11475,3041,2286,435,17403,11506,3081,2369,447,17370,11393,3096,2425,456,17138,11605,3077,2175,281
WEBB ,128816,3785,166,124053,812,0500000US48479,133369,3772,151,128495,951,134583,3788,152,129689,954,136418,3736,165,131505,1012,128816,3785,166,124053,812
WHARTON ,20989,10259,3052,7552,126,0500000US48481,20952,10061,2957,7689,245,21018,10033,2950,7788,247,20946,9854,2950,7889,253,20989,10259,3052,7552,126
WHEELER ,2749,2009,67,647,26,0500000US48483,2776,1977,68,670,61,2844,2011,70,702,61,2937,2037,61,768,71,2749,2009,67,647,26
WICHITA ,64062,45400,6517,10042,2103,0500000US48485,64079,44290,6076,10385,3328,64213,44185,6122,10545,3361,64673,43916,6178,11080,3499,64062,45400,6517,10042,2103
WILBARGER ,6799,4431,515,1732,121,0500000US48487,6775,4313,498,1763,201,6802,4309,500,1787,206,6558,4064,477,1806,211,6799,4431,515,1732,121
WILLACY ,10104,1031,43,8989,41,0500000US48489,10129,999,40,9025,65,10144,992,40,9047,65,10023,965,37,8959,62,10104,1031,43,8989,41
WILLIAMSON ,214647,139508,13903,48972,12264,0500000US48491,223975,141530,13271,52271,16903,228764,144144,13536,53696,17388,237481,147342,14236,57427,18476,214647,139508,13903,48972,12264
WILSON ,21546,12737,332,8269,208,0500000US48493,22353,13023,312,8644,374,22832,13276,318,8851,387,22932,13289,307,8920,416,21546,12737,332,8269,208
WINKLER ,3560,1547,73,1901,39,0500000US48495,3567,1521,66,1923,57,3589,1512,67,1953,57,3729,1565,69,2037,58,3560,1547,73,1901,39
WISE ,29324,23906,244,4830,344,0500000US48497,29932,23893,184,5143,712,30188,24035,186,5243,724,30635,24000,194,5664,777,29324,23906,244,4830,344
WOOD ,21342,18425,1052,1645,220,0500000US48499,21393,18266,978,1706,443,21488,18308,975,1756,449,21893,18574,1015,1840,464,21342,18425,1052,1645,220
YOAKUM ,3980,1613,36,2304,27,0500000US48501,4005,1564,29,2354,58,4053,1570,29,2395,59,4116,1543,31,2480,62,3980,1613,36,2304,27
YOUNG ,9402,7803,122,1390,87,0500000US48503,9428,7701,99,1447,181,9549,7764,102,1497,186,9600,7753,98,1559,190,9402,7803,122,1390,87
ZAPATA ,6974,408,4,6531,31,0500000US48505,7098,394,4,6657,43,7235,395,4,6792,44,7125,385,1,6703,36,6974,408,4,6531,31
ZAVALA ,5917,335,16,5556,10,0500000US48507,5976,328,13,5617,18,6082,331,13,5720,18,6113,326,11,5756,20,5917,335,16,5556,10
